ConstituentID,DisplayName,ArtistBio,Nationality,Gender,BeginDate,EndDate,Wiki QID,ULAN
1,Robert Arneson,"American, 1930–1992",American,Male,1930,1992,,
2,Doroteo Arnaiz,"Spanish, born 1936",Spanish,Male,1936,0,,
3,Bill Arnold,"American, born 1941",American,Male,1941,0,,
4,Charles Arnoldi,"American, born 1946",American,Male,1946,0,Q1063584,500027998
5,Per Arnoldi,"Danish, born 1941",Danish,Male,1941,0,,
6,Danilo Aroldi,"Italian, born 1925",Italian,Male,1925,0,,
7,Bill Aron,"American, born 1941",American,Male,1941,0,,
9,David Aronson,"American, born Lithuania 1923",American,Male,1923,0,Q5230870,500003363
10,Irene Aronson,"American, born Germany 1918",American,Female,1918,0,Q19748568,500042413
11,Jean (Hans) Arp,"French, born Germany (Alsace). 1886–1966",French,Male,1886,1966,Q153739,500031000
12,Jüri Arrak,"Estonian, born 1936",Estonian,Male,1936,0,,
13,J. Arrelano Fischer,"Mexican, 1911–1995",Mexican,Male,1911,1995,,
15,Folke Arstrom,"Swedish, 1907–1997",Swedish,Male,1907,1997,,
16,Cristobal Arteche,"Spanish, 1900–1964",Spanish,Male,1900,1964,,
18,Artko,,,,0,0,,
19,Richard Artschwager,"American, 1923–2013",American,Male,1923,2013,Q568262,500114981
21,Ruth Asawa,"American, 1926–2013",American,Female,1926,2013,Q7382874,500077806
22,Isidora Aschheim,Israeli,Israeli,Female,0,0,,
23,Charles Robert Ashbee,"British, 1863–1942",British,Male,1863,1942,Q614071,500030367
24,Donald Ashcraft,"American, born 1927",American,Male,1927,0,,
25,E. M. Ashe,"American, 1867–1941",American,Male,1867,1941,,
26,Göran Åslin,"Swedish, born 1940",Swedish,,1940,0,,
27,Erik Gunnar Asplund,"Swedish, 1885–1940",Swedish,Male,1885,1940,Q312070,500011232
28,Geneviève Asse,"French, born 1923",French,Female,1923,0,Q1978192,500025324
30,Sergio Asti,"Italian, born 1926",Italian,Male,1926,0,,
31,Dana Atchley,"American, 1941–2000",American,Female,1941,2000,,
32,Atelier Eggers,French,French,,0,0,,
33,A.A.P.,American,American,,0,0,,
34,Alvar Aalto,"Finnish, 1898–1976",Finnish,Male,1898,1976,Q82840,500002617
35,Aino Aalto,"Finnish, 1894–1949",Finnish,Female,1894,1949,Q273511,500024110
36,Eero Aarnio,"Finnish, born 1932",Finnish,Male,1932,0,Q707025,500270610
37,Jules Aarons,"American, 1921–2008",American,Male,1921,2008,,
38,Magdalena Abakanowicz,"Polish, 1930–2017",Polish,Female,1930,2017,Q158080,500084577
39,James Abbe,"American, 1883–1973",American,Male,1883,1973,Q321301,500026671
40,Jussuf Abbo,"Palestinian, 1888–1953",Palestinian,Male,1888,1953,,
41,Berenice Abbott,"American, 1898–1991",American,Female,1898,1991,Q231861,500020631
42,Nobuya Abe,"Japanese, 1913–1971",Japanese,Male,1913,1971,,
43,Abe Shiro (pen Name: Suichiku),"Japanese, born 1900",Japanese,Male,1900,0,,
44,Robert Abel,"American, born 1937",American,Male,1937,0,Q7341326,
46,Sigmund Abeles,"American, born 1934",American,Male,1934,0,,
47,Raimund Abraham,"American, born Austria. 1933–2010",American,Male,1933,2010,Q78819,500031964
49,Ivor Abrahams,"British, born 1935",British,Male,1935,0,Q11714362,500012378
50,Gerald Abramovitz,"British, born South Africa. 1928–2011",British,Male,1928,2011,,
51,William Ross Abrams,"American, 1920–2007",American,Male,1920,2007,,
52,Rodolfo Abularach,"Guatemalan, born 1933",Guatemalan,Male,1933,0,Q7357131,500118427
53,Vito Acconci,"American, 1940–2017",American,Male,1940,2017,Q433471,500014538
54,Milton Ackoff,"American, born 1915",American,Male,1915,0,,
55,Norman Ackroyd,British,British,Male,0,0,Q7051892,500029028
56,Luis Alberto Acuña,"Colombian, 1904–1994",Colombian,Male,1904,1994,,
57,Henri Georges Adam,"French, 1904–1967",French,Male,1904,1967,Q662900,500020748
58,Antoine Samuel Adam-Salomon,"French, 1818–1881",French,Male,1818,1881,,
59,Valerio Adami,"Italian, born 1935",Italian,Male,1935,0,Q562139,500013534
60,Ansel Adams,"American, 1902–1984",American,Male,1902,1984,Q60809,500026108
61,Alice Adams,"American, born 1930",American,Female,1930,0,Q4725709,500033075
62,Clinton Adams,"American, 1918–2002",American,Male,1918,2002,Q5134058,500042367
63,Dacres Adams,"British, 1864–1951",British,Male,1864,1951,,
64,Dennis Adams,"American, born 1948",American,Male,1948,0,,
65,Kenneth M. Adams,"American, 1897–1966",American,Male,1897,1966,,
66,Robert Adams,"American, born 1937",American,Male,1937,0,Q1392710,500037036
67,Shelby Lee Adams,"American, born 1950",American,Female,1950,0,,
68,Charles Addams,"American, 1912–1988",American,Male,1912,1988,Q361106,500074368
69,Allan Adler,"American, 1916–2002",American,Male,1916,2002,,
70,Jankel Adler,"Polish, 1895–1949",Polish,Male,1895,1949,Q213726,500027359
71,Virginia Admiral,"American, 1915–2000",American,Female,1915,2000,Q7815833,500044912
72,Pic Adrian,"Romanian, born 1910",Romanian,Male,1910,0,,
74,Roy Adzak,"British, 1927–1987",British,Male,1927,1987,Q3445734,500032997
76,Nicholas Africano,"American, born 1948",American,Male,1948,0,,
77,Afro (Afro Basaldella),"Italian, 1912–1976",Italian,Male,1912,1976,Q388090,500014109
78,Aftograf,Russian,Russian,,0,0,,
79,Agam (Yaacov Agam),"Israeli, born 1928",Israeli,Male,1928,0,Q276030,500019224
80,Mehemed Fehmy Agha,"American, born Russia. 1896–1978",American,Male,1896,1978,Q3853982,500032736
81,Kathleen Agnoli,"American, born 1945",American,Female,1945,0,,
82,Peter Agostini,"American, 1913–1993",American,Male,1913,1993,,
83,Olympe Aguado de las Marismas,"French, 1827–1894",French,Male,1827,1894,Q2734214,500345720
84,Dongkuk S. Ahn,"American, 1937–2013",American,Male,1937,2013,,
85,Aarne Aho,"Finnish, 1904–1978",Finnish,Male,1904,1978,,
86,Otl Aicher (also known as Otto Aicher),"German, 1922–1991",German,Male,1922,1991,Q61191,500058307
87,Lucien Aigner,"American, born Hungary. 1901–1999",American,Male,1901,1999,Q3265338,500043259
88,Gregory Ain,"American, 1908–1988",American,Male,1908,1988,Q5606793,500008108
89,Edgar Ainsworth,"British, 1906–1975",British,Male,1906,1975,,
91,Roberto Aizenberg,"Argentine, 1928–1996",Argentine,Male,1928,1996,,
92,Kinji Akagawa,"Japanese, born 1940",Japanese,Male,1940,0,,
93,Ryoji Akiyama,"Japanese, born 1942",Japanese,Male,1942,0,Q7385596,
94,Munira Al-Kazi,"Kuwaiti, born 1939",Kuwaiti,Female,1939,0,,
95,Alastair (Hans H. Voight),"German, 1887–1969",German,Male,1887,1969,,
96,Anni Albers,"American, born Germany. 1899–1994",American,Female,1899,1994,Q86078,500012591
97,Josef Albers,"American, born Germany. 1888–1976",American,Male,1888,1976,Q170071,500033049
98,Beatrice Albert,American,American,Female,0,0,,
99,Joan Albert,"American, 1943–2012",American,Female,1943,2012,,
100,Ivan LeLorraine Albright,"American, 1897–1983",American,Male,1897,1983,Q1392676,500016413
101,Album-miscellaneous,Various,,,0,0,,
103,Albert Alcalay,"American, 1917–2008",American,Male,1917,2008,,
104,L. (Alfred Lewin Copley) Alcopley,"American, born Germany. 1910–1992",American,Male,1910,1992,Q3611295,500019879
105,A. Alcorn,American,American,,0,0,,
106,Alan Aldridge,"British, born 1943",British,Male,1943,0,,
107,Pierre Alechinsky,"Belgian, born 1927",Belgian,Male,1927,0,Q328248,500027985
108,Peter Alexander,"American, 1939-2020",American,Male,1939,2020,,
111,Carlo Alfano,Italian,Italian,Male,0,0,,
112,José R. Alicea,"American, born Puerto Rico 1928",American,Male,1928,0,,
113,Leopoldo and Guiseppe Alinari,Italian,Italian,,0,0,,
114,James Alinder,"American, born 1941",American,Male,1941,0,,
115,Yves Alix,"French, 1890–1969",French,Male,1890,1969,,
116,Wobbe Alkema,"Dutch, 1900–1984",Dutch,Male,1900,1984,,
117,William Allan,"American, born 1936",American,Male,1936,0,,
118,Alexander Alland,"American, born Russia. 1902–1989",American,Male,1902,1989,,
119,Harry Allen,"American, born 1964",American,Male,1964,0,,
120,Terry Allen,"American, born 1943",American,Male,1943,0,Q1279401,500103769
121,Adrian Allinson,"British, 1890–1959",British,Male,1890,1959,,
123,Carlos Alonso,"Argentine, born 1929",Argentine,Male,1929,0,,
124,Glen Alps,"American, 1914–1996",American,Male,1914,1996,,
126,Henry Altchek,"American, born 1943",American,Male,1943,0,,
127,Gerhard Altenbourg,"German, 1926–1989",German,Male,1926,1989,Q111018,500029807
128,Hobie Alter,"American, born 1933",American,Male,1933,0,,
129,Harold Altman,"American, 1924–2003",American,Male,1924,2003,,500028706
131,Giacchino Altobelli,"Italian, born 1814",Italian,Male,1814,0,,
132,John Altoon,"American, 1925–1969",American,Male,1925,1969,Q4062989,500019079
135,Manuel Álvarez Bravo,"Mexican, 1902–2002",Mexican,Male,1902,2002,Q712262,500028115
136,Dag Alveng,"Norwegian, born 1953",Norwegian,Male,1953,0,,
137,Getulio Alviani,"Italian, born 1939",Italian,Male,1939,0,Q325200,500006302
138,Edmond-François Aman Jean,"French, 1858–1936",French,Male,1858,1936,Q576570,500012380
139,Kunihiro Amano,Japanese,Japanese,Male,0,0,,
140,Jim Amaral,"American, born 1933",American,Male,1933,0,,
141,Emilio Ambasz,"Argentine, born 1943",Argentine,Male,1943,0,Q655905,500016432
142,M. Ameen,Nationality unknown,Nationality unknown,,0,0,,
143,Irving Amen,"American, 1918–2011",American,Male,1918,2011,,
144,Woody van Amen,"Dutch, born 1936",Dutch,Male,1936,0,,
145,Gregory Amenoff,"American, born 1948",American,Male,1948,0,,
148,Florencia de Amesti,"Chilean, 1925–2006",Chilean,Female,1925,2006,,
149,Cuno Amiet,"Swiss, 1868–1961",Swiss,Male,1868,1961,Q566797,500005153
150,Francisco Amighetti Ruiz,"Costa Rican, 1907–1998",Costa Rican,Male,1907,1998,,
152,Ralph Ammirati,American,American,Male,0,0,,
153,Emma Amos,"American, 1937–2020",American,Female,1937,2020,Q5372719,500124746
154,Mauricio Amster Cats,"Chilean, born Lvov, 1907–1980",Chilean,Male,1907,1980,,
155,William Anastasi,"American, born 1933",American,Male,1933,0,Q15459073,500056778
157,Stephen Ancona,"American, born 1932",American,Male,1932,0,,
158,Jiþi Anderle,"Czech, born 1936",Czech,Male,1936,0,,
159,Gunnar Aagaard Andersen,"Danish, 1919–1982",Danish,Male,1919,1982,,
160,Karin Schou Andersen,"Danish, born 1953",Danish,Female,1953,0,,
161,Clarence William Anderson,"American, 1891–1971",American,Male,1891,1971,,
162,Carl Anderson,"American, 1903–1989",American,Male,1903,1989,Q1036742,
163,Dennis Anderson,"American, born 1948",American,Male,1948,0,,
164,Jeremy Anderson,"American, 1921–1982",American,Male,1921,1982,,
165,James Anderson,"British, 1813–1877",British,Male,1813,1877,Q3160907,500001454
166,Jerry Anderson,"American, born 1938",American,Male,1938,0,,
167,John Anderson,"British, born 1928",British,Male,1928,0,,
168,Neil Anderson,"American, born 1933",American,Male,1933,0,,
169,Paul L. Anderson,"American, 1880–1956",American,Male,1880,1956,Q7152029,500065743
170,Monika Andersson,"Swedish, born 1957",Swedish,Female,1957,0,,
172,Joe Andoe,"American, born 1955",American,Male,1955,0,,
173,Farnese de Andrade-Neto,"Brazilian, 1926–1996",Brazilian,Male,1926,1996,,
174,Carl Andre,"American, born 1935",American,Male,1935,0,Q315348,500011651
175,Pat Andrea,"Dutch, born 1942",Dutch,Male,1942,0,,
176,A. Andreas,French,French,,0,0,,
177,Henning Andreasen,"Danish, born 1923",Danish,Male,1923,0,,
178,Laura Andreson,"American, 1902–1999",American,Female,1902,1999,,
179,Mariano Andreù,"Spanish, 1888–1976",Spanish,Male,1888,1976,,
180,Benny Andrews,"American, 1930–2006",American,Male,1930,2006,Q4889934,500111179
181,Emmy Andriesse,"Dutch, 1914–1953",Dutch,Female,1914,1953,Q530883,
182,Claudia Andujar,"Brazilian, born Switzerland 1931",American,Female,1931,0,,
183,Manuel Angeles Ortiz,"Spanish, 1896–1984",Spanish,Male,1895,1984,Q5994858,
184,Ludwig Angerer,"Austrian, 1827–1879",Austrian,Male,1827,1879,,
185,Bruce Angrave,British,British,Male,0,0,,
186,Raúl Anguiano,"Mexican, 1915–2006",Mexican,Male,1915,2006,Q325503,500061635
188,Sibyl Anikeef,"American, 1896–1996",American,Female,1896,1996,,
189,James Craig Annan,"British, 1864–1946",British,Male,1864,1946,Q2138560,500016620
190,Thomas Annan,"British, 1829–1887",British,Male,1829,1887,Q1926294,500010588
193,David Annesley,"British, born 1936",British,Male,1936,0,,
194,Horst Antes,"German, born 1936",German,Male,1936,0,Q446519,500010821
195,William Anthony,"American, born 1934",American,Male,1934,0,,
196,Stephen Antonakos,"American, 1926–2013",American,Male,1926,2013,Q15429571,500091275
198,Garo Antreasian,"American, born 1922",American,Male,1922,0,,
199,Nemesio Antúnez,"Chilean, 1918–1993",Chilean,Male,1918,1993,,
200,Richard Anuszkiewicz,"American, 1930-2020",American,Male,1930,2020,Q558505,500025580
201,Aoki Toshio,,,,0,0,,
202,Carl Apfelschnitt,"American, born 1948",American,Male,1948,0,,
203,Karel Appel,"Dutch, 1921–2006",Dutch,Male,1921,2006,Q152793,500030857
204,Leon Appelbaum,American,American,Male,0,0,,
205,Ida Applebroog,"American, born 1929",American,Female,1929,0,Q1488149,500091955
207,Shusaku Arakawa,"American, born Japan. 1936–2010",American,Male,1936,2010,Q478264,500123705
208,Diane Arbus,"American, 1923–1971",American,Female,1923,1971,Q234608,500012758
209,Aleksandr Archipenko,"American, born Ukraine. 1887–1964",American,Male,1887,1964,Q157578,500022523
211,Mordecai Ardon,"Israeli, born Poland. 1896–1992",Israeli,Male,1896,1992,Q631835,500030956
212,Luis Arenal,"Mexican, 1909–1985",Mexican,Male,1909,1985,,
214,Egmont Arens,"American, 1888–1966",American,Male,1888,1966,Q1298270,500125347
215,Tamotsu Arikawa,Japanese,Japanese,Male,0,0,,
216,Avigdor Arikha,"Romanian, 1929–2010",Romanian,Male,1929,2010,,
217,Gonzalo Ariza,"Colombian, 1912–1995",Colombian,Male,1912,1995,,
218,Alda Maria Armagni,Argentine,Argentine,Female,0,0,,
219,Siah Armajani,"American, born Iran. 1939–2020",American,Male,1939,2020,Q325184,500020843
220,Arman,"American, born France. 1928–2005",American,Male,1928,2005,Q367973,500003632
221,Armando,"Dutch, born 1929",Dutch,Male,1929,0,,
222,F. Armbruster,Nationality unknown,Nationality unknown,,0,0,,
224,Kenneth Armitage,"British, 1916–2002",British,Male,1916,2002,Q659535,500008896
225,John Taylor Arms,"American, 1887–1953",American,Male,1887,1953,Q6260399,500022283
226,John Armstrong,"British, 1893–1973",British,Male,1893,1973,Q19325186,500027012
227,François Arnal,"French, 1924–2012",French,Male,1924,2012,,
228,Arndt,"German, 1898–1976",German,,1898,1976,,
229,Eugène Atget,"French, 1857–1927",French,Male,1857,1927,Q322030,500008199
230,John Atherton,"American, 1900–1952",American,Male,1900,1952,Q20200670,500011141
231,Anna Atkins,"British, 1799–1871",British,Female,1799,1871,,
232,Conrad Atkinson,"British, born 1940",British,Male,1940,0,,
233,Lawrence Atkinson,"British, 1873–1931",British,Male,1873,1931,Q4072108,500002487
234,Terry Atkinson,"British, born 1939",British,Male,1939,0,Q325740,500012421
235,Jean-Michel Atlan,"French, born Algeria. 1913–1960",French,Male,1913,1960,Q689646,500055885
236,Dotty Attie,"American, born 1938",American,Female,1938,0,Q5299500,500024829
238,Carl Auböck,"Austrian, 1924–1993",Austrian,Male,1924,1993,,
239,Charles Aubry,"French, 1811–1877",French,Male,1811,1877,,
240,Frank Auerbach,"British, born Germany 1931. To England 1939.",British,Male,1931,0,Q215919,500023601
241,Gae Aulenti,"Italian, 1930–2012",Italian,Female,1930,2012,Q8867,
242,Keith James Aulik,Nationality unknown,Nationality unknown,Male,0,0,,
243,George Ault,"American, 1891–1948",American,Male,1891,1948,Q2282231,500005655
245,Irving Austin,American,American,Male,0,0,,
246,Mario Avati,"Italian, 1921–2009",Italian,Male,1921,2009,,
247,Edward Avedisian,"American, 1936–2007",American,Male,1936,2007,Q5341650,500004353
248,Richard Avedon,"American, 1923–2004",American,Male,1923,2004,Q305497,500013773
249,Frances Avery,"American, born Canada. 1910–2006",American,Female,1910,2006,,
250,Milton Avery,"American, 1885–1965",American,Male,1885,1965,Q2714574,500002713
251,David Avison,American,American,Male,0,0,,
252,Mordechai Avniel,Israeli,Israeli,Male,0,0,,
254,Kiyoshi Awazu,"Japanese, 1929–2009",Japanese,Male,1929,2009,,
255,Ay-O,"Japanese, born 1931",Japanese,Male,1931,0,Q2874830,500125452
256,Alice Aycock,"American, born 1946",American,Female,1946,0,Q523722,500026635
257,Pierre Ayot,"Canadian, 1943–1995",Canadian,Male,1943,1995,,
258,Michael Ayrton,"British, 1921–1975",British,Male,1921,1975,Q2739689,500018746
259,Luis Cruz Azaceta,"American, born 1942",American,Male,1942,0,,
260,Umetaro Azechi,"Japanese, 1902–1999",Japanese,Male,1902,1999,Q11578726,500330875
261,Kengiro Azuma,"Japanese, born 1926",Japanese,Male,1926,0,Q139095,500192170
262,Johannes Baader,"German, 1875–1955",German,Male,1875,1955,Q67897,500072111
263,Johannes Theodor Baargeld (Alfred Emanuel Ferdinand Gruenwald),"German, 1892–1927",German,Male,1892,1927,Q481655,500108031
264,Kurt W. Baasch,"American, born Venezuela. 1891–1964",American,Male,1891,1964,,
265,Alice Baber,"American, 1928–1982",American,Female,1928,1982,,
266,Bacard Fils,French,French,Male,0,0,,
268,Edmondo Bacci,"Italian, 1913–1978",Italian,Male,1913,1978,,
269,Elvira Bach,"German, born 1951",German,Female,1951,0,,
270,Olof Backman,"Swedish, born 1899",Swedish,Male,1899,0,,
271,Olof Backstrom,"Finnish, born 1922",Finnish,Male,1922,0,,
272,Francis Bacon,"British, born Ireland. 1909–1992",British,Male,1909,1992,Q154340,500021153
273,Peggy Bacon,"American, 1895–1987",American,Female,1895,1987,Q7160630,500024574
275,Karl Baden,"American, born 1952",American,Male,1952,0,,
276,Mowry Thatcher Baden,"American, born 1936",American,Male,1936,0,,
277,Aquiles Badi,"Argentine, 1894–1976",Argentine,Male,1894,1976,,
278,Libero Badii,"Argentine, 1916–2001",Argentine,Male,1916,2001,,
279,Frank Badur,"German, born 1944",German,Male,1944,0,,
280,Donald Baechler,"American, born 1956",American,Male,1956,0,,
281,Jo Baer,"American, born 1929",American,Female,1929,0,Q1689871,500009657
282,Martin Baer,"American, 1894–1961",American,Male,1894,1961,,
283,Olle Baertling,"Swedish, 1911–1981",Swedish,Male,1911,1981,,
284,Myrna Báez,"American, born Puerto Rico 1931",American,Female,1931,0,,
285,John Bageris,"American, 1924–2000",American,Male,1924,2000,Q6220240,
286,Heinz Bahr,"German, born 1934",German,Male,1934,0,,
287,Malcolm Bailey,"American, 1947–2011",American,Male,1947,2011,,
288,Oscar Bailey,"American, 1925–2010",American,Male,1925,2010,,
289,William Bailey,"American, 1930–2020",American,Male,1930,2020,,
290,Larry Bair,"American, 1952–1990",American,Male,1952,1990,,
291,Eugenie Baizerman,"American, born Poland. 1899–1949",American,Female,1899,1949,,
292,Enrico Baj,"Italian, 1924–2003",Italian,Male,1924,2003,Q765758,500030098
294,Carl Baker,American,American,Male,0,0,,
296,Mikal Baker,"American, born 1946",American,Male,1946,0,,
298,Vagrich Bakhchanyan,"Russian, 1938–2009",Russian,Male,1938,2009,,
299,Gerhard H. Bakker,"American, born Germany. 1906-1988",American,Male,1906,1988,,
300,Léon Bakst,"Russian, 1866–1924",Russian,Male,1866,1924,Q214666,500009524
301,Gerard Baksteen,"Dutch, 1887–1976",Dutch,Male,1887,1976,,
302,Amèrico Balán,"Argentine, 1915–1986",Argentine,Male,1915,1986,,
303,Jirí Balcar,"Czech, 1929–1968",Czech,Male,1929,1968,,
304,John Baldessari,"American, 1931-2020",American,Male,1931,2020,Q683378,500098854
305,George Baldessin,"Australian, 1939–1978",Australian,Male,1939,1978,,
307,C. Leroy Baldridge,"American, 1889–1975",American,Male,1889,1975,,
308,Édouard-Denis Baldus,"French, 1813–1882",French,Male,1813,1882,Q71244,500024737
309,Benjamin Baldwin,"American, 1913–1993",American,Male,1913,1993,,
310,Joost Baljeu,"Dutch, 1925–1991",Dutch,Male,1925,1991,Q12012418,500000507
311,Giacomo Balla,"Italian, 1871–1958",Italian,Male,1871,1958,Q368254,500014876
313,R. Maxil Ballinger,"American, 1914–1958",American,Male,1914,1958,,
314,Theo H. Ballmer,"Swiss, 1902–1965",Swiss,Male,1902,1965,Q2416828,500060722
315,Alexander Bally,"American, born 1938",American,Male,1938,0,,
316,John F. Balossi,"American, 1931–2007",American,Male,1931,2007,,
317,Balthus (Baltusz Klossowski de Rola),"French, 1908–2001",French,Male,1908,2001,Q325925,500021167
318,Lewis Baltz,"American, 1945–2014",American,Male,1945,2014,Q353266,500011333
319,Thomas Bamberger,"American, born 1948",American,Male,1948,0,,
320,McDonald (Mackey Jeffries) Bane,"American, born 1928",American,Female,1928,0,,
321,Colette Bangert,"American, born 1934",American,Female,1934,0,,
322,Walter Darby Bannard,"American, 1934–2016",American,Male,1934,2016,,
323,John Banting,"British, 1902–1972",British,Male,1902,1972,Q6220564,500028747
324,Rudolf Baranik,"American, 1920–1998",American,Male,1920,1998,,
325,Vladimir Baranoff-Rossiné,"Ukrainian, 1888–1944",Ukrainian,Male,1888,1944,Q573654,500017903
327,Anthony Barboza,"American, born 1944",American,Male,1944,0,,
329,Miquel Barcelo,"Spanish, born 1957",Spanish,Male,1957,0,Q561930,500003657
330,Peter Bardazzi,"American, born 1943",American,Male,1943,0,,
331,Jules-Jean-Antoine Baric,"French, 1825–1905",French,Male,1825,1905,,
332,Richard Baringer,"American, 1921–1980",American,Male,1921,1980,,
333,George Barker,"Australian, born 1942",Australian,Male,1942,0,,
334,Walter William Barker,"American, born Germany. 1921–2004",American,Male,1921,2004,,
335,Ernst Barlach,"German, 1870–1938",German,Male,1870,1938,Q156890,500013940
336,George Barnard,"American, 1819–1902",American,Male,1819,1902,Q127916,500115186
337,Cyril H. Barnes,American,American,Male,0,0,,
338,Matthew Rackham Barnes,"American, born Scotland.1880–1951",American,Male,1880,1951,,
339,Robert Barnes,"American, born 1934",American,Male,1934,0,,
342,Will Barnet,"American, 1911–2012",American,Male,1911,2012,Q1566998,500010278
343,Tina Barney,"American, born 1945",American,Female,1945,0,Q522240,500118716
344,Hannelore Baron,"American, 1926–1987",American,Female,1926,1987,,
345,Martin Barooshian,"American, born 1929",American,Male,1929,0,,
347,Steve Barraclough,British,British,Male,0,0,,
348,Maurice Barraud,"Swiss, 1889–1955",Swiss,Male,1889,1955,,
349,Susan Barron,"American, born 1947",American,Female,1947,0,,
350,Thomas F. Barrow,"American, born 1938",American,Male,1938,0,,
351,D. F. Barry,"American, 1854–1934",American,Male,1854,1934,,
352,Robert Barry,"American, born 1936",American,Male,1936,0,Q477373,500053936
353,Robert Bart,"American, born Canada 1923",American,Male,1923,0,,
354,Frances Barth,"American, born 1946",American,Female,1946,0,,
355,Ruodi Barth,"Swiss, 1921–1999",Swiss,Male,1921,1999,,
356,"Ralph Bartholomew, Jr.","American, 1907–1985",American,Male,1907,1985,,
357,Jennifer Bartlett,"American, born 1941",American,Female,1941,0,Q6178106,500021315
358,Robert Bartlett,"British, 1922–1979",British,Male,1922,1979,,
359,Carlo Bartoli,"Italian, born 1931",Italian,Male,1931,0,,
360,Luigi Bartolini,"Italian, 1892–1963",Italian,Male,1892,1963,Q172346,500016350
361,Joseph Bartscherer,"American, born 1954",American,Male,1954,0,,
362,Gianfranco Baruchello,"Italian, born 1924",Italian,Male,1924,0,Q328719,500022197
363,Héctor Basaldua,"Argentine, 1895–1976",Argentine,Male,1895,1976,,
364,Bernard Baschet,"French, 1917–2015",French,Male,1917,2015,,
365,François Baschet,"French, 1920–2014",French,Male,1920,2014,,
366,Georg Baselitz,"German, born 1938",German,Male,1938,0,Q164775,500045683
368,Mati Basis,"Israeli, born 1933",Israeli,Male,1933,0,,
369,Leonard Baskin,"American, 1922–2000",American,Male,1922,2000,Q2601617,500003136
370,Jean-Michel Basquiat,"American, 1960–1988",American,Male,1960,1988,Q155407,500093239
371,Joel Bass,"American, born 1943",American,Male,1943,0,,
372,Saul Bass,"American, 1920–1996",American,Male,1920,1996,Q536884,500021030
373,Giampiero Bassi,"Italian, born 1926",Italian,,1926,0,,
374,Miriam Bat-Yosef,"German, born 1931",German,Female,1931,0,,
375,Georges Bataille,"French, 1897–1962",French,Male,1897,1962,Q207359,500093456
377,Josef Bato,"Hungarian, 1888–1966",Hungarian,Male,1888,1966,,
378,John Battan,"American, 1943–1976",American,Male,1943,1976,,
379,Wall Batterton,"British, born 1932",British,Male,1932,0,,
380,Dora M. Batty,"British, 1900–1966",British,Female,1900,1966,,
381,Eugen Batz,"German, 1905–1986; at Bauhaus 1929–31",German,Male,1905,1986,,
382,"Harry W. Batz, Jr.",American,American,Male,0,0,,
383,André Bauchant,"French, 1873–1958",French,Male,1873,1958,Q516924,500003676
384,Karl Bauer,"German, 1868–1942",German,Male,1868,1942,,
385,Rudolph Bauer,"American, born Poland. 1889–1954",American,Male,1889,1954,,
386,Mary Bauermeister,"American, born 1934",American,Female,1934,0,Q1426004,500021872
387,Bauhaus,German,German,,0,0,,
388,Marilyn Baum,"American, born 1939",American,Female,1939,0,,
390,Hans Theo Baumann,"German, born Switzerland 1924",German,Male,1924,0,,
391,Otto Baumberger,"Swiss, 1889–1961",Swiss,Male,1889,1961,Q121025,
392,Willi Baumeister,"German, 1889–1955",German,Male,1889,1955,Q707911,500022627
393,Lothar Baumgarten,"German, 1944–2018",German,Male,1944,2018,Q455070,500088417
395,Edward Bawden,"British, 1903–1989",British,Male,1903,1989,Q3305396,500027999
396,Glen Baxter,British,British,Male,0,0,,
397,Iain Baxter&,"Canadian, born England 1936",Canadian,Male,1936,0,Q522534,500073717
398,Hippolyte Bayard,"French, 1801–1887",French,Male,1801,1887,Q559668,500003577
399,Herbert Bayer,"American, born Austria. 1900–1985",American,Male,1900,1985,Q213637,500009369
401,Ed Baynard,"American, born 1940",American,Male,1940,0,,
402,Thomas Bayrle,"German, born 1937",German,Male,1937,0,,
403,Douglas Baz,"American, born 1943",American,Male,1943,0,,
404,Jean Bazaine,"French, 1904–2001",French,Male,1904,2001,Q708504,500031929
405,Castera Bazile,"Haitian, 1923–1966",Haitian,Male,1923,1966,Q2941413,500075513
406,William Baziotes,"American, 1912–1963",American,Male,1912,1963,Q652548,500023351
407,Gifford Beal,"American, 1879–1956",American,Male,1879,1956,Q5559916,500019899
408,Jack Beal,"American,1931–2013",American,Male,1931,2013,Q14828019,500010820
409,Lester Beall,"American, 1903–1969",American,Male,1903,1969,Q6531814,500330273
411,Mark Beard,"American, born 1956",American,Male,1956,0,,
412,Romare Bearden,"American, 1911–1988",American,Male,1911,1988,Q1291679,500007871
413,Aubrey Beardsley,"British, 1872–1898",British,Male,1872,1898,Q272566,500032068
414,Bruce Beasley,"American, born 1939",American,Male,1939,0,Q612519,500107573
415,Beath,"British, 1913–1991",British,,1913,1991,,
416,Felice Beato,"Italian, 1825–1903",Italian,Male,1825,1903,Q318352,
417,Cecil Beaton,"British, 1904–1980",British,Male,1904,1980,Q697096,500001040
418,Leslie Beaton,American,American,Female,0,0,,
420,André Beaudin,"French, 1895–1975",French,Male,1895,1975,,
421,Alessandro Becchi,"Italian, born 1946",Italian,Male,1946,0,,
422,Bernd Becher,"German, 1931–2007",German,Male,1931,2007,Q16947617,500027822
423,Thelma Becherer,"American, 1916–2008",American,Female,1916,2008,,
424,Robert Bechtle,"American, 1932–2020",American,Male,1932,2020,Q328645,500016607
425,Gustav K. Beck,"Austrian, 1902–1983",Austrian,Male,1902,1983,,
426,A. Becker,German,German,,0,0,,
427,Fred Becker,"American, 1913–2004",American,Male,1913,2004,,
428,Bill Beckley,"American, born 1946",American,Male,1946,0,Q4908082,500001551
429,Max Beckmann,"German, 1884–1950",German,Male,1884,1950,Q164683,500024106
430,Francis Bedford,"British, 1816–1894",British,Male,1816,1894,Q3504712,500023245
431,René Beeh,"German, 1886–1922",German,Male,1886,1922,,
432,Jan Bontjes van Beek,"German, 1899–1969",German,Male,1899,1969,,
433,Chris Hendrik Beekman,"Dutch, 1887–1964",Dutch,Male,1887,1964,,
434,Max Beerbohm,"British, 1872–1956",British,Male,1872,1956,Q472071,500017622
436,Hedda Beese,"German, born 1944",German,Female,1944,0,,
437,"Beggarstaffs (James Pryde, Scottish 1866-1941 & William Nicholson, British 1872-1949)",,British,,1866,1949,,
438,Peter Behrens,"German, 1868–1940",German,Male,1868,1940,Q76726,500022843
439,Edith Behring,"Brazilian, 1916–1996",Brazilian,Female,1916,1996,,
440,John Behringer,"American, born 1939",American,Male,1939,0,,
441,J. J. Beljon,"Dutch, 1922–2002",Dutch,Male,1922,2002,,
442,Alistair Macready Bell,"Canadian, 1913–1997",Canadian,Male,1913,1997,,
443,Charles M. Bell,"American, 1848–1893",American,Male,1848,1893,,
444,Larry Bell,"American, born 1939",American,Male,1939,0,Q202621,500005382
445,Vanessa Bell,"British, 1879–1961",British,Female,1879,1961,Q255294,500008308
446,William H. Bell,"American, 1830–1910",American,Male,1830,1910,,
447,Ross Bellah,"American, 1907–2004",American,Male,1907,2004,,
448,Joseph Bellanca,"American, 1930-2013",American,Male,1930,2013,,
449,John Bellany,"British, 1942–2013",British,Male,1942,2013,,
450,Rudolf Belling,"German, 1886–1972",German,Male,1886,1972,Q215029,500087529
451,Mario Bellini,"Italian, born 1935",Italian,Male,1935,0,Q1360756,500014815
452,Hans Bellmer,"German, 1902–1975",German,Male,1902,1975,Q213703,500018770
453,Ernest J. Bellocq,"American, 1873–1949",American,Male,1873,1949,Q712326,500060703
455,George Bellows,"American, 1882–1925",American,Male,1882,1925,Q167132,500003261
456,Rossella Bellusci,"Italian, born 1947",Italian,Female,1947,0,,
457,Giandomenico Belotti,"Italian, born 1922",Italian,Male,1922,0,,
458,Christian Belpaire,"Congolese, 1949–2003",Congolese,Male,1949,2003,,
459,Antoli Pawlowitsch Belski,"Russian, 1896–1971",Russian,Male,1896,1971,,
461,David Ben Shaul,Israeli,Israeli,Male,0,0,,
462,Ahron Ben-Shmuel,"American, 1903–1984",American,Male,1903,1984,,
463,Ben-Zion,"American, born Ukraine. 1897–1987",American,Male,1897,1987,,
464,Adolf Benca,"American, born 1959",American,Male,1959,0,,
465,W. T. Benda,"American, 1873–1948",American,Male,1873,1948,,
466,C. Whitney Bender,"American, born 1929",American,,1929,0,,
467,Niels Sylvester Bendtsen,"Danish, born 1943",Danish,Male,1943,0,,
468,Nair Benedicto,"Brazilian, born 1940",Brazilian,Female,1940,0,,
469,Luis Fernando Benedit,"Argentine, 1937–2011",Argentine,Male,1937,2011,Q9024950,500018458
470,G. A. Beneker,"American, 1882–1934",American,Male,1882,1934,,
471,Lynda Benglis,"American, born 1941",American,Female,1941,0,Q538986,500092195
472,Billy Al Bengston,"American, born 1934",American,Male,1934,0,Q4912103,500015413
473,Jim Bengston,"American, born 1942",American,Male,1942,0,,
474,Anthony Benjamin,British,British,Male,0,0,,
475,Gordon Bennett,"American, 1933–2012",American,Male,1933,2012,,
476,Henry Hamilton Bennett,"American, born Canada. 1843–1908",American,Male,1843,1908,Q5628273,500019160
478,Ward Bennett,"American, 1917–2003",American,Male,1917,2003,Q7968974,500066150
481,David Bentley,"American, born 1938",American,Male,1938,0,,
482,Nicholas Bentley,"British, 1907–1978",British,Male,1907,1978,Q7029528,500043306
483,Thomas Hart Benton,"American, 1889–1975",American,Male,1889,1975,Q471764,500005998
484,Roloff Beny,"Canadian, 1924–1984",Canadian,Male,1924,1984,,
485,Etienne (Istvan) Béothy,"Hungarian, 1897–1962",Hungarian,Male,1897,1962,,
486,Christian Bérard,"French, 1902–1949",French,Male,1902,1949,Q1079125,500032124
487,Roberto Berdecio,"Bolivian, 1913–1996",Bolivian,Male,1913,1996,Q7351596,500122205
488,Vera Berdich,"American,1915–2003",American,Female,1915,2003,,
489,Ed Bereal,"American, born 1937",American,Male,1937,0,,
490,Stephen Lynn Berens,"American, born 1952",American,Male,1952,0,,
491,Berger (?),"British, born 1938",British,,1938,0,,
492,Charles Berger,"American, born 1943",American,Male,1943,0,,
493,Jason Berger,"American, 1924–2010",American,Male,1924,2010,,
495,Hagbard Elis Bergh,"Swedish, 1881–1954",Swedish,Male,1881,1954,,
496,Håkan Bergkvist,"Swedish, born 1946",Swedish,Male,1946,0,,
497,Ella Bergmann-Michel,"German, 1896–1971",German,Female,1896,1971,,
498,Paul Bergtold,"American, born 1942",American,Male,1942,0,,
501,Henryk Berlewi,"Polish, 1894–1967",Polish,Male,1894,1967,Q709033,500032191
502,Eugene Berman,"American, born Russia. 1899–1972",American,Male,1899,1972,Q1373050,500028943
503,Mieczyslaw Berman,"Polish, 1903–1975",Polish,Male,1903,1975,Q7941133,500084460
504,Sarah Berman,"American,1895–1957",American,Female,1895,1957,,
505,Wallace Berman,"American, 1926–1976",American,Male,1926,1976,Q7962743,500025293
506,Zeke Berman,"American, born 1951",American,Male,1951,0,,500333537
507,Cundo Bermúdez,"Cuban, 1914–2008",Cuban,Male,1914,2008,,
508,José Ygnacio Bermudez,"Cuban, 1922–1988",Cuban,Male,1922,1988,,
509,Thoni Bern,Swiss,Swiss,,0,0,,
510,Camille Bernabé,"French, born 1808?",French,Male,1808,1900,,
511,Émile Bernard,"French, 1868–1941",French,Male,1868,1941,Q264193,500012925
512,Francis Bernard,"French, 1900–1979",French,Male,1900,1979,,
513,Valère Bernard,"French, 1860–1936",French,Male,1860,1936,,
514,Jerry Berndt,"American, 1943–2013",American,Male,1943,2013,,
515,Lucian Bernhard,"American, born Germany. 1883–1972",American,Male,1883,1972,Q472989,
516,Ruth Bernhard,"American, born Germany. 1905–2006",American,Female,1905,2006,Q2177580,500105646
517,Antonio Berni,"Argentine, 1905–1981",Argentine,Male,1905,1981,,
518,Janez Bernik,"Yugoslav, 1933–2016",Yugoslav,Male,1933,2016,Q1502530,500029793
519,Judith Bernstein,"American, born 1942",American,Female,1942,0,,
520,Richard Bernstein,"American, 1939–2002",American,Male,1939,2002,,
521,Jean Berque,"French, 1896–1954",French,Male,1896,1954,,
522,Miguel Ortiz Berrocal,"Spanish, 1933–2006",Spanish,Male,1933,2006,Q586843,500037927
523,Bertall & Cie.,French,French,,0,0,,
524,M. Berthaud,French,French,,0,0,,
525,Palme Berthold,,,,0,0,,
526,Berthold-Mahn (Charles Désiré),"French, 1893–1975",French,Male,1893,1975,,
527,René Bertholo,"Portuguese, 1935–2005",Portuguese,Male,1935,2005,Q10359463,
528,Paul Berthon,"French, 1872–1909",French,Male,1872,1909,Q2178796,500006763
529,Jake Berthot,"American, 1939–2014",American,Male,1939,2014,,500014747
530,Gianni Bertini,"Italian, born 1922",Italian,Male,1922,0,,
531,Harry Bertoia,"American, born Italy. 1915–1978",American,Male,1915,1978,Q2551765,500032341
532,Emilio Bertonati,Italian,Italian,Male,0,0,,
533,Albert Besnard,"French, 1849–1934",French,Male,1849,1934,Q424348,500030831
534,Forrest Bess,"American, 1911–1977",American,Male,1911,1977,Q5470435,500099698
535,Ruth Bessoudo Courvoisier,"Brazilian, born Germany. 1914–2015",Brazilian,Female,1914,2015,,
536,Alan Randall Best,"Canadian, born 1958",Canadian,Male,1958,0,,
537,William Betsch,American,American,Male,0,0,,
538,Pierre Betz,"French, 1899–1969",French,Male,1899,1969,,
539,Wim Beuning,"Dutch, 1914–1986",Dutch,Male,1914,1986,,
540,Joseph Beuys,"German, 1921–1986",German,Male,1921,1986,Q153965,500024607
541,Art Bevacqua,Nationality unknown,Nationality unknown,Male,0,0,,
542,Thomas Bewick,"British, 1753–1828",British,Male,1753,1828,,
544,Jyoti Bhatt,"Indian, born 1934",Indian,Male,1934,0,,
545,Domenico Bianchi,"Italian, born 1955",Italian,Male,1955,0,,
546,Pamela Bianco,"American, born England. 1906–1994",American,Female,1906,1994,,
547,Fulvio Bianconi,"Italian, 1915–1996",Italian,Male,1915,1996,,
548,Carl Bianga,German,German,Male,0,0,,
549,Alberto Biasi,"Italian, born 1937",Italian,Male,1937,0,Q3608150,500128155
550,Guido Biasi,"Italian, born 1933",Italian,Male,1933,0,,
551,Ashley Bickerton,"British, born 1959",British,Male,1959,0,Q4805366,500118758
553,George Biddle,"American, 1885–1973",American,Male,1885,1973,Q5536970,500005782
554,Charles Biederman,"American, 1906–2004",American,Male,1906,2004,Q15429307,500031104
555,James Biederman,"American, born 1947",American,Male,1947,0,Q19958994,
556,Aenne Biermann,"German, 1898–1933",German,Female,1898,1933,,
557,Wilson Bigaud,"Haitian, 1931–2010",Haitian,Male,1931,2010,Q3057700,500077121
559,Max Bill,"Swiss, 1908–1994",Swiss,Male,1908,1994,Q123454,500005369
560,Joseph Binder,"American, 1898–1972",American,Male,1898,1972,Q1706624,500030625
561,Ilse Bing,"American, born Germany. 1899–1998",American,Female,1899,1998,Q85719,500007274
562,Robert J. Bingham,"British, 1824–1870",British,Male,1824,1870,Q16214312,500015888
563,Manfred Bingler,"Swiss, born 1928",Swiss,Male,1928,0,,
564,Peter Birkhauser,"Swiss, 1911–1976",Swiss,Male,1911,1976,Q678067,500345161
565,Robert Birmelin,"American, born 1933",American,Male,1933,0,,
566,Werner Bischof,"Swiss, 1916–1954",Swiss,Male,1916,1954,Q120369,500070840
567,Elmer Bischoff,"American, 1916–1991",American,Male,1916,1991,Q3051555,500000068
568,Isabel Bishop,"American, 1902–1988",American,Female,1902,1988,,
569,James Bishop,"American, born 1927",American,Male,1927,0,,
570,Michael Bishop,"American, 1946–2016",American,Male,1946,2016,,
571,Maureen Bisilliat,"American, born England 1931",American,Female,1931,0,,
572,Antonio Bisquert Pérez,"Spanish, 1906–1990",Spanish,Male,1906,1990,,
573,Julius Bissier,"German, 1893–1965",German,Male,1893,1965,Q872641,500008365
574,Roger Bissière,"French, 1888–1964",French,Male,1888,1964,Q518444,500021487
575,George Bissill,"British, 1896–1973",British,Male,1896,1973,,
576,Auguste-Rosalie Bisson,"French, 1826–1900",French,Male,1826,1900,Q477709,500036839
577,Louis-Auguste Bisson,"French, 1814–1876",French,Male,1814,1876,Q127287,500020179
578,Arnold Bittleman,"American, 1933–1985",American,Male,1933,1985,,
579,Dolores Dembus Bittleman,"American, born 1931",American,Female,1931,0,,
580,Ion Bitzan,"Romanian, 1924–1997",Romanian,Male,1924,1997,,
581,Judith Black,"American, born 1945",American,Female,1945,0,,
582,James Wallace Black,"American, 1825–1896",American,Male,1825,1896,Q289479,500006013
583,Roman Black,Nationality unknown,Nationality unknown,Male,0,0,,
584,Wendell Black,"American, 1919–1972",American,Male,1919,1972,,
585,Elizabeth Blackadder,"British, born 1931",British,Female,1931,0,,
586,Morris Blackburn,"American, 1902–1979",American,Male,1902,1979,,
587,Tom Blackwell,"American, born 1938",American,Male,1938,0,,
588,Ronald Bladen,"American, 1918–1988",American,Male,1918,1988,Q1261891,500077632
589,Nell Blaine,"American, 1922–1996",American,Female,1922,1996,Q6990000,500016457
590,Jean-Charles Blais,"French, born 1956",French,Male,1956,0,,
591,Jeffrey Blake,"American, born 1954",American,Male,1954,0,,
592,Peter Blake,"British, born 1932",British,Male,1932,0,Q504611,500021263
593,Camilo (Jésus Sanchez Urteaga) Blas,"Peruvian, 1903–1985",Peruvian,Male,1903,1985,,
594,Werner Blaser,"Swiss, born 1924",Swiss,Male,1924,0,Q1715499,500030955
595,Edwin Howland Blashfield,"American, 1848–1936",American,Male,1848,1936,,
597,Ross Bleckner,"American, born 1949",American,Male,1949,0,Q1711445,500118722
599,René Bleibtreu,"French, born 1920",French,Male,1920,0,,
601,Blessum,Nationality unknown,Nationality unknown,,0,0,,
602,André Bloc,"French, born Algeria, 1896–1966",French,Male,1896,1966,,
603,Albert Bloch,"American, 1882–1961",American,Male,1882,1961,,
604,Julius Thiengen Bloch,"American, 1888–1966",American,Male,1888,1966,,
605,Pierrette Bloch,"French, born 1928",French,Female,1928,0,Q3387890,
606,Clarence Lincoln Block,Nationality unknown,Nationality unknown,Male,0,0,,
607,Gay Block,"American, born 1942",American,Female,1942,0,Q5528548,
608,Barbara Bloom,"American, born 1951",American,Female,1951,0,Q807360,500057050
609,Hyman Bloom,"American, born Latvia. 1913–2009",American,Male,1913,2009,Q11105744,500022094
610,Vern Blosum,"American, 1936–2017",American,Male,1936,2017,,
611,Sandra Blow,"British, 1925–2006",British,Female,1925,2006,Q7416550,500015905
612,Oscar Bluemner,"American, born Germany. 1867–1938",American,Male,1867,1938,Q215773,500027801
613,Norman Bluhm,"American, 1920–1999",American,Male,1920,1999,Q321158,500027802
614,Donald Blumberg,"American, born 1935",American,Male,1935,0,,
615,Anna Blume,"German, 1937–2020",German,Female,1937,2020,,
616,Bernhard Blume,"German, 1937–2011",German,Male,1937,2011,,
617,Peter Blume,"American, 1906–1992",American,Male,1906,1992,Q2990693,500028254
618,Erwin Blumenfeld,"German, 1897–1969",German,Male,1897,1969,Q71827,500022598
623,Marcello Boccacci,"Italian, 1914–1996",Italian,Male,1914,1996,,
624,Umberto Boccioni,"Italian, 1882–1916",Italian,Male,1882,1916,Q152797,500012624
625,Mel Bochner,"American, born 1940",American,Male,1940,0,Q1485390,500032444
626,Bengt Böckman,"Swedish, born 1936",Swedish,Male,1936,0,,
627,Peter Bodner,Nationality unknown,Nationality unknown,Male,0,0,,
630,Alighiero Boetti,"Italian, 1940–1994",Italian,Male,1940,1994,Q556337,500053938
631,Marinus Boezem,"Dutch, born 1934",Dutch,Male,1934,0,Q477388,500073961
632,Ricardo Bofill,"Spanish, born 1939",Spanish,Male,1939,0,Q316413,500022547
633,Arthur Emil Bofinger,"Swiss, born 1909",Swiss,Male,1909,0,,
634,Jóhanna Boga,Icelandic,Icelandic,Female,0,0,,
635,Varujan Boghosian,"American, born 1926",American,Male,1926,0,,
636,Theodor Bogler,"German, 1897–1968",German,Male,1897,1968,Q2417367,
637,Alexander Bogomazov,"Russian, 1880–1930",Russian,Male,1880,1930,Q1984317,500023043
638,Blythe Bohnen,"American, born 1940",American,Female,1940,0,Q15451740,500030071
639,Olaf von Bohr,"Austrian, born 1927",Austrian,Male,1927,0,,
640,Karl Bohrmann,"German, 1928–1998",German,Male,1928,1998,,
641,Bruce Boice,"American, born 1941",American,Male,1941,0,,
642,Charles Boily,French,French,Male,0,0,,
643,Boissonas,Swiss,Swiss,,0,0,,
644,Richard Boix,"Spanish, 1894–1949",Spanish,Male,1894,1949,,
645,Jakob (Jack) Friedrich Bollschweiler,"German, 1888–1938",German,Male,1888,1938,,
646,Roger Bolomey,"American, born 1918",American,Male,1918,0,,
647,Jay Bolotin,"American, born 1949",American,Male,1949,0,,
648,Ilya Bolotowsky,"American, born Russia. 1907–1981",American,Male,1907,1981,Q4091000,500014068
649,Christian Boltanski,"French, born 1944",French,Male,1944,0,Q705225,500083011
650,Michael Bolus,"British, born South Africa. 1934–2013",British,Male,1934,2013,,
651,David Bomberg,"British, 1890–1957",British,Male,1890,1957,Q734355,500014864
652,Camille Bombois,"French, 1883–1970",French,Male,1883,1970,Q683264,500024562
653,Giorgio Bompadre,Italian,Italian,Male,0,0,,
654,Bona,"Italian, born 1926",Italian,Female,1926,0,,
655,Claus Bonderup,"Danish, born 1943",Danish,Male,1943,0,Q5581593,500018481
656,Emile Bondonneau,French,French,Male,0,0,,
657,Muirhead Bone,"British, 1876–1953",British,Male,1876,1953,Q5581681,500000110
658,Antonio Bonet,"Spanish, 1913–1989",Spanish,Male,1913,1989,,500035947
659,Rodolfo Bonetto,"Italian, 1929–1991",Italian,Male,1929,1991,Q2161208,
660,Marcelo Bonevardi,"Argentine, 1929–1994",Argentine,Male,1929,1994,Q6756509,500019920
661,Felix Bonfils,"French, 1831–1885",French,Male,1831,1885,Q2915801,500016696
662,Dusti Bongé,"American, 1903–1993",American,Female,1903,1993,,
664,Paolo Boni,"Italian, born 1926",Italian,Male,1926,0,,
665,Pierre Bonnard,"French, 1867–1947",French,Male,1867,1947,Q26408,500115555
666,William Bonnell,American,American,Male,0,0,,
668,Maria Bonomi,"Brazilian, born 1935",Brazilian,Female,1935,0,Q10325755,
669,Robert Bononno,American,American,Male,0,0,,
670,Lee Bontecou,"American, born 1931",American,Female,1931,0,Q276372,500024833
671,Fabio Bonzi,"Italian, born 1943",Italian,Male,1943,0,,
673,Peter Booth,"Australian, born 1940",Australian,Male,1940,0,Q7172881,500088023
674,Osvaldo Borda,"Argentine, born 1929",Argentine,Male,1929,0,,
675,Enrico Bordoni,"Italian, 1904–1969",Italian,Male,1904,1969,,
676,Paul-Émile Borduas,"Canadian, 1905–1960",Canadian,Male,1905,1960,Q360286,500008086
677,Wendela Boreel,"British, 1895–1985",British,Female,1895,1985,,
678,Francisco Borès,"Spanish, 1898–1972",Spanish,Male,1898,1972,Q1406524,500031770
679,Norah Borges de Torre,"Argentine, 1901–1998",Argentine,Female,1901,1998,Q3343469,500185694
682,Jonathan Borofsky,"American, born 1942",American,Male,1942,0,Q321527,500022042
684,Arnold von Borsig,German,German,Male,0,0,,
685,Elena Borstein,"American, born 1946",American,Female,1946,0,,
686,Sándor (Alexander) Bortnyik,"Hungarian, 1893–1976",Hungarian,Male,1893,1976,Q562814,500026527
687,Fritz Boscovits,"Swiss, 1871–1965",Swiss,Male,1871,1965,,
688,Derek Boshier,"British, born 1937",British,Male,1937,0,Q5261826,500004033
689,Richard Bosman,"Australian, born India 1944",Australian,Male,1944,0,Q21071066,500010976
690,Michael P. Bosniak,American,American,Male,0,0,,
691,Rodolphe-Théophile Bosshard,"Swiss, 1889–1960",Swiss,Male,1889,1960,,
692,Check  Boterf,"American, born 1934",American,Male,1934,0,,
693,Fernando Botero,"Colombian, born 1932",Colombian,Male,1932,0,Q272877,500004359
694,Dorr Bothwell,"American, 1902–2000",American,Female,1902,2000,Q5298723,500096320
696,Mario Botta,"Swiss, born 1943",Swiss,Male,1943,0,Q122363,500015342
697,Kenneth J. Botto,"American, 1937–2008",American,Male,1937,2008,,
698,Édouard Boubat,"French, 1923–1999",French,Male,1923,1999,Q274241,500001755
699,René Robert Bouché,"American, 1905–1963",American,Male,1905,1963,Q7313672,500043549
700,Jean Boucher,French,French,Male,0,0,,
701,Alice Boughton,"American, 1865–1943",American,Female,1865,1943,Q440673,500076205
702,Bouillon,French,French,,0,0,,
703,Firmin Bouisset,"French, 1859–1925",French,Male,1859,1925,,
704,Bart Boumans,Dutch,Dutch,Male,0,0,,
705,Christine Boumeester,"Dutch, 1904–1971",Dutch,Female,1904,1971,,
706,Louis Bouquet,"French, 1885–1952",French,Male,1885,1952,,
707,Harry Bouras,"American, 1931–1993",American,Male,1931,1993,,
708,Émile-Antoine Bourdelle,"French, 1861–1929",French,Male,1861,1929,Q314350,500028923
709,Jouineau Bourduge,French,French,,0,0,,
710,Louise Bourgeois,"American, born France. 1911–2010",American,Female,1911,2010,Q159409,500057350
711,Fergus Bourke,"Irish, 1934–2004",Irish,Male,1934,2004,,
712,Margaret Bourke-White,"American, 1904–1971",American,Female,1904,1971,Q238364,500023145
713,Samuel Bourne,"British, 1834–1912",British,Male,1834,1912,Q337475,500022534
714,J. Bouski,Polish,Polish,,0,0,,
715,Jean-Louis Boussingault,"French, 1883–1943",French,Male,1883,1943,,
716,Henri Boutet,"French, 1851–1919",French,Male,1851,1919,,
717,Boutrou,French,French,,0,0,,
718,Lynn Bowers,"American, born Canada 1932",American,Male,1932,0,,
719,Frank Bowling,"Guyanese, born 1934",Guyanese,Male,1934,0,,
720,Stanley Boxer,"American,1926–2000",American,Male,1926,2000,Q7599492,500028179
721,Fiske Boyd,"American, 1895–1975",American,Male,1895,1975,,
722,Fionnuala Boyd,"British, born 1944",British,Female,1944,0,Q17708736,500021130
723,James Henderson Boyd,"Canadian, 1928–2002",Canadian,Male,1928,2002,,
724,Mark Boyle,"British, born 1934",British,Male,1934,0,Q6766809,500053939
725,James Boynton,"American,1928–2010",American,Male,1928,2010,,
726,Paul Brach,"American,1924–2007",American,Male,1924,2007,Q7149478,500018752
727,Angel Bracho,"Mexican, 1911–2005",Mexican,Male,1911,2005,,
728,M. Leone Bracker,"American, 1885–1937",American,Male,1885,1937,,
729,Su Braden,"British, born 1940",British,Female,1940,0,,
730,Martin Bradley,British,British,Male,0,0,,
731,Paul Bradley,"American, born 1960",American,Male,1960,0,,
732,William Bradley,"American, 1868–1962",American,Male,1868,1962,Q1357158,500010977
733,Dove Bradshaw,"American, born 1949",American,Male,1949,0,,
734,Mathew B. Brady (studio of),"American, 1823–1896",American,Male,1823,1896,Q187850,500126201
736,Joe Brainard,"American, 1942–1994",American,Male,1942,1994,Q1691342,500027180
737,Emile Branchard,"American, 1881–1938",American,Male,1881,1938,,
738,Constantin Brâncuși,"Romanian and French, born Romania. 1876–1957",French,Male,1876,1957,Q153048,500016157
739,Hans Brand,German,German,Male,0,0,,
740,Bill Brandt,"British, born Germany. 1904–1983",British,Male,1904,1983,Q63184,500026943
741,Marianne Brandt,"German, 1893–1983",German,Female,1893,1983,Q456521,500019983
742,Robert Brandwein,"American, 1933–1972",American,Male,1933,1972,,
743,Frank Brangwyn,"British, born Belgium. 1867–1956",British,Male,1867,1956,Q560115,500026093
744,Georges Braque,"French, 1882–1963",French,Male,1882,1963,Q153793,500025200
745,Brassaï (Gyula Halász),"French, born Transylvania. 1899–1984",French,Male,1899,1984,Q354804,500000306
746,John Randall Bratby,"British, 1928–1992",British,Male,1928,1992,Q3809107,500001732
747,Pieter Brattinga,"Dutch, born 1931",Dutch,Male,1931,0,Q1894090,500116719
749,Adolphe Braun,"French, 1812–1877",French,Male,1812,1877,Q365683,500016067
750,Braun et Compagnie,French,French,Male,0,0,,
751,Victor Brauner,"Romanian, 1903–1966",Romanian,Male,1903,1966,Q558060,500027528
752,Troy Brauntuch,"American, born 1954",American,Male,1954,0,Q7846772,500003205
753,Claudio Bravo,"Chilean, 1936–2011",Chilean,Male,1936,2011,Q491787,500014128
755,Stipe Brcic,"Yugoslav, born 1948",Yugoslav,Male,1948,0,,
756,George Brecht,"American, 1926–2008",American,Male,1926,2008,Q686321,500045721
757,Charles H. Breed,"American, 1876–1950",American,Male,1876,1950,,
758,Robert Breer,"American, 1926–2011",American,Male,1926,2011,Q526954,500060118
759,Carl-Arne Breger,"Swedish, born 1923",Swedish,Male,1923,0,Q1036399,
760,K. P. Brehmer,"German, 1938–1997",German,Male,1938,1997,Q1718932,500058494
761,Raymond Breinin,"American, 1910–2000",American,Male,1910,2000,Q19595180,500006860
762,Joseph Breitenbach,"American, born Germany. 1896–1984",American,Male,1896,1984,Q1704370,500037093
763,Bjorn G. Breitholtz,Swedish,Swedish,Male,0,0,,
764,Uwe Bremer,"German, born 1940",German,Male,1940,0,,
766,Miguel Bresciano,"Uruguayan, 1937–1979",Uruguayan,Male,1937,1979,,
767,Rodolphe Bresdin,"French, 1822–1885",French,Male,1822,1885,Q467130,500018116
768,André Breton,"French, 1896–1966",French,Male,1896,1966,Q161955,500125870
769,Marcel Breuer,"American, born Hungary. 1902–1981",American,Male,1902,1981,Q57588,500118800
771,William Brice,"American, 1921–2008",American,Male,1921,2008,,
772,Charles D. Briddell,American,American,Male,0,0,,
773,Marilyn Bridges,"American, born 1948",American,Female,1948,0,,
774,Barry Bridgwood,"American, born 1957",American,Male,1957,0,,
775,G. Stanislaus Brien,"British, born Poland",British,,0,0,,
776,Judson Briggs,"American, 1906–pre-2007",American,Male,1906,0,,
777,Anne W. Brigman,"American, 1869–1950",American,Female,1869,1950,Q434674,500007600
778,Serge Brignoni,"Swiss, 1903–2002",Swiss,Male,1903,2002,,
779,Denis Brihat,"French, born 1928",French,Male,1928,0,,
780,Enrique Brinkmann,"Spanish, born 1938",Spanish,Male,1938,0,,
781,Horace Bristol,"American, 1908–1997",American,Male,1908,1997,,
782,L. N. Britton,"American, 1858–1934",American,,1858,1934,,
783,René Brô,"French, 1930–1987",French,Male,1930,1987,Q2144563,
784,John Brockman,"American, born 1941",American,Male,1941,0,Q1314332,
785,Gottfried Brockmann,"German, 1903–1983",German,Male,1903,1983,Q1471465,500076076
787,Gandy Brodie,"American, 1925–1975",American,Male,1925,1975,Q17308840,500005976
788,Alexey Brodovitch,"American, born Russia. 1898–1971",American,Male,1898,1971,Q525387,500125873
789,Alexander Brodsky,"Russian, born 1955",Russian,Male,1955,0,Q433192,500222251
790,Jürgen Brodwolf,"Swiss, born 1932",Swiss,Male,1932,0,,
791,Stephen Brody,"American, born 1926",American,Male,1926,0,,
792,Horace Brodzky,"American, 1885–1969",American,Male,1885,1969,Q18671475,500025308
793,Stig Brøgger,"Danish, born 1941",Danish,Male,1941,0,,
794,Robert Broner,"American, 1922–2010",American,Male,1922,2010,,
795,Marcel Broodthaers,"Belgian, 1924–1976",Belgian,Male,1924,1976,Q834926,500004693
796,Alexander Brook,"American, 1898–1980",American,Male,1898,1980,Q4718429,500020389
797,John Brook,"American, born 1924",American,Male,1924,0,,
798,James Brooks,"American, 1906–1992",American,Male,1906,1992,Q472785,500017163
799,Milton Brooks,"American, 1901–1956",American,Male,1901,1956,,
800,Wendell Brooks,"American, born 1939",American,Male,1939,0,,
801,Harry Brorby,"American, 1927–2012",American,Male,1927,2012,,
802,Joan Brossa,"Spanish, 1919–1998",Spanish,Male,1919,1998,Q260436,500271680
803,Gary Stephen Brotmeyer,"American, born 1946",American,Male,1946,0,,
804,Arthur William Brown,"American, 1881–1966",American,Male,1881,1966,,
805,Gustav A. Brown,"American, born 1908",American,Male,1908,0,,
806,James Brown,"American, 1951–2020",American,Male,1951,2020,,
807,Joan Brown,"American, 1938–1990",American,Female,1938,1990,Q6204894,500025543
808,Kathan Brown,"American, born 1935",American,Female,1935,0,Q6376101,500095189
809,Margaret DeM Brown,American,American,Female,0,0,,
810,Ray Brown,"American, born 1933",American,Male,1933,0,,
811,Roger Brown,"American, 1941–1997",American,Male,1941,1997,Q15487281,500017835
812,William Brown,American,American,Male,0,0,,
814,Byron Browne,"American, 1907–1961",American,Male,1907,1961,,
815,Colleen Browning,"American, born 1923",American,Female,1923,0,,
816,Robert Brownjohn,"American, 1925–1970",American,Male,1925,1970,,
817,Kenneth Brozen,"American, 1927–1989",American,Male,1927,1989,,
818,Roser Llop Bru,"Chilean, born 1923",Chilean,Female,1923,0,,
819,Salvador Bru,"Chilean, born 1923",Chilean,Male,1923,0,,
820,Jon O. Brubaker,"American, 1875–1953",American,Male,1875,1953,,
821,Patrick Henry Bruce,"American, 1881–1936",American,Male,1881,1936,Q1392667,500007545
822,Anton Bruehl,"American, born Australia. 1900–1982",American,Male,1900,1982,,
824,Francis Bruguière,"American, 1879–1945",American,Male,1879,1945,Q5480354,500014276
825,Paul Brühwiler,"Swiss, born 1939",Swiss,Male,1939,0,,
826,William Brui,"Israeli, born 1946",Israeli,Male,1946,0,,
827,Brumhoff,Nationality unknown,Nationality unknown,,0,0,,
828,Donald Brun,"Swiss, 1909–1999",Swiss,Male,1909,1999,Q1239735,
829,Peter Brüning,"German, 1929–1970",German,Male,1929,1970,Q1373454,500014970
830,Robert Brunner,"American, born 1958",American,Male,1958,0,,
831,Albin Brunovsky,Slovak,Slovak,Male,0,0,,
832,Norman Bruns,"American, 1921–2005",American,Male,1921,2005,,
833,Günter Brus,"Austrian, born 1938",Austrian,Male,1938,0,Q677218,500098254
834,Grisha Bruskin,"Russian, born 1945",Russian,Male,1945,0,Q1754439,
835,Wim Brusse,"Dutch, 1910–1978",Dutch,Male,1910,1978,,
836,William Bryant,"American, born 1946",American,Male,1946,0,,
837,Camille Bryen,"French, 1907–1976",French,Male,1907,1976,,
838,Tadeusz Brzozowski,"Polish, 1918–1987",Polish,Male,1918,1987,Q475148,500009828
839,Gernot Bubenik,"German, born 1942",German,Male,1942,0,,
840,Boris Bućan,"Croatian, born Yugoslavia, 1947",Croatian,Male,1947,0,,
841,Erich Buchegger,"Austrian, born 1924",Austrian,Male,1924,0,,
842,Gustave Buchet,"Swiss, 1888–1963",Swiss,Male,1888,1963,,
843,Carl Buchheister,"German, 1890–1964",German,Male,1890,1964,Q476542,500003056
844,Erich Buchholz,"German, 1891–1972",German,Male,1891,1972,Q1352028,500015787
845,John Buck,"American, born 1946",American,Male,1946,0,,
846,Peer Bücking,"German, 1906–1940",German,,1906,1940,,
847,John Buckland-Wright,"British, born New Zealand. 1897–1954",British,Male,1897,1954,Q1566235,500124952
848,Peter H. Buckley,"American, 1925–1991",American,Male,1925,1991,,
849,Stephen Buckley,British,British,Male,0,0,Q20200829,500033027
850,David Budd,"American, 1927–1991",American,Male,1927,1991,,
851,Dan Budnik,"American, born 1933",American,Male,1933,0,Q5213204,500349012
852,Budry,Greek,Greek,,0,0,,
853,Eugene Buechel,"American, born Germany. 1874–1954",American,Male,1874,1954,Q1373058,
854,Alice Standish Buell,"American, 1892–1964",American,Female,1892,1964,,
855,Bernard Buffet,"French, 1928–1999",French,Male,1928,1999,Q365304,500013970
856,Fritz Bühler,"Swiss, 1909–1963",Swiss,Male,1909,1963,,
857,Felix Buhot,"French, 1847–1898",French,Male,1847,1898,,
858,Adam Bujak,"Polish, born 1940",Polish,Male,1940,0,,
860,John G. Bullock,"American, 1854–1939",American,Male,1854,1939,,
861,Wynn Bullock,"American, 1902–1975",American,Male,1902,1975,Q587386,500124373
862,Torun Bülow-Hübe,"Swedish, born 1929",Swedish,Female,1929,0,,
863,Louis Bunce,"American, 1907–1983",American,Male,1907,1983,,
864,Willi Bunkowski,"German, born 1949",German,Male,1949,0,,
865,Édouard-Wilfred Buquet,"French, born 1866",French,Male,1866,0,,
866,Pierre Buraglio,"French, born 1939",French,Male,1939,0,,
867,Pablo Burchard,"Chilean, 1875–1964",Chilean,Male,1875,1964,,
869,Max Burchartz,"German, 1887–1961",German,Male,1887,1961,Q471444,500002068
870,Charles Burchfield,"American, 1893–1967",American,Male,1893,1967,Q3349279,500015189
871,Chris Burden,"American,1946–2015",American,Male,1946,2015,Q720832,500118760
873,Daniel Buren,"French, born 1938",French,Male,1938,0,Q593621,500033028
874,Bill Burke,"American, born 1943",American,Male,1943,0,,
875,Burkhard,Swiss,Swiss,,0,0,,
876,Paul Burlin,"American, 1886–1969",American,Male,1886,1969,Q7149608,500005636
877,David Burliuk,"Ukrainian, 1882–1967",Ukrainian,Male,1882,1967,Q610532,500026962
878,Ian Burn,"Australian, 1939–1993",Australian,Male,1939,1993,Q1655457,500192590
879,Edward Burne-Jones,"British, 1833–1898",British,Male,1833,1898,Q216406,500001381
880,Deirdre Burnett,"British, born 1939",British,Female,1939,0,,
881,Joseph Burnett,"American, born 1923",American,Male,1923,0,,
882,Marsha Burns,"American, born 1945",American,Female,1945,0,,
883,Edward Burra,"British, 1905–1976",British,Male,1905,1976,Q1291799,500006654
884,Alberto Burri,"Italian, 1915–1995",Italian,Male,1915,1995,Q461740,500015319
885,René Burri,"Swiss, 1933–2014",Swiss,Male,1933,2014,Q671527,500115621
886,Larry Burrows,"British, 1926–1971",British,Male,1926,1971,Q1348644,500124535
888,Richmond Burton,"American, born 1960",American,Male,1960,0,,
889,Scott Burton,"American, 1939–1989",American,Male,1939,1989,Q7436079,500024444
890,Pol Bury,"Belgian, 1922–2005",Belgian,Male,1922,2005,Q492909,500008200
892,Andrew Foster Bush,"American, born 1956",American,Male,1956,0,,
893,Jack Bush,"Canadian, 1909–1977",Canadian,Male,1909,1977,Q6111490,500021036
894,Wolf von dem Bussche,"American, 1934–2014",American,Male,1934,2014,,
895,Solomon D. Butcher,"American, 1856–1927",American,Male,1856,1927,Q2299191,500004708
898,Frances Butler,"American, born 1940",American,Female,1940,0,,
899,Horacio A. Butler,"Argentine, 1897–1983",Argentine,Male,1897,1983,,
900,Reg Butler,"British, 1913–1983",British,Male,1913,1983,Q570353,500000379
901,Elizabeth Butterworth,"British, born 1949",British,Female,1949,0,Q5362505,500071494
902,James Lee Byars,"American, 1932–1997",American,Male,1932,1997,Q882861,500089748
903,Michael Byron,"American, born 1954",American,Male,1954,0,Q6831373,500118762
904,C.N. and Company,British,British,,0,0,,
905,Roland Cabot,Brazilian,Brazilian,Male,0,0,,
906,Luigi Caccia Dominioni,"Italian, born 1913",Italian,Male,1913,0,,
907,Cadavre Exquis,French,French,,0,0,,
908,John Cadenhead,"American, born 1937",American,Male,1937,0,,
909,Paul Cadmus,"American, 1904–1999",American,Male,1904,1999,Q519534,500009073
910,Poul Cadovius,"Danish, born 1911",Danish,Male,1911,0,,
911,Deborah Fleming Caffery,"American, born 1948",American,Female,1948,0,,
912,John Cage,"American, 1912–1992",American,Male,1912,1992,Q180727,500092036
913,Corrado Cagli,"Italian, 1910–1976",Italian,Male,1910,1976,Q2997862,500004817
914,Miriam Cahn,"Swiss, born 1949",Swiss,Female,1949,0,,
915,Marcelle Cahn,"French, 1895–1981",French,Female,1895,1981,,
916,Fred Cain,"American, born 1938",American,Male,1938,0,,
917,José Milner Cajahuaringa,"Peruvian, born 1932",Peruvian,Male,1932,0,,
918,Charles Cajori,"American, born 1921",American,Male,1921,0,,
919,Letterio Calapai,"American, 1902–1993",American,Male,1902,1993,,
920,Nicolas Calas,"American, born Switzerland. 1907–1988",American,Male,1907,1988,,
921,Lawrence Calcagno,"American, 1916–1993",American,Male,1916,1993,,
922,Alexander Calder,"American, 1898–1976",American,Male,1898,1976,Q151580,500007824
923,Dale R. Caldwell,"American, born 1929",American,Male,1929,0,,
924,Harry Callahan,"American, 1912–1999",American,Male,1912,1999,Q1383354,500000873
925,Kenneth Callahan,"American, 1905–1986",American,Male,1905,1986,Q6389939,500019403
926,Mary Callery,"American, 1903–1977",American,Female,1903,1977,Q6779164,500012644
927,Edwin Calligan,British,British,Male,0,0,,
928,Jo Ann Callis,"American, born 1940",American,Female,1940,0,,
931,"P. E. Camerer, St. Paul, MN",American,American,,0,0,,
932,Julia Margaret Cameron,"British, 1815–1879",British,Female,1815,1879,Q230120,500118804
933,Julio Camino Sanchez,"Peruvian, 1919–2007",Peruvian,Male,1919,2007,,
934,Luis Camnitzer,"Uruguayan, born 1937",Uruguayan,Male,1937,0,Q475981,500120217
935,Charles Camoin,"French, 1879–1965",French,Male,1879,1965,Q968285,500009979
937,Nickie Campbell,"American, born 1962",American,,1962,0,,
938,Jewett Campbell,"American, 1912–1999",American,Male,1912,1999,,
939,Steven Campbell,"British, born 1954",British,Male,1954,0,,
940,Heinrich Campendonk,"German, 1889–1957",German,Male,1889,1957,Q213685,500009451
941,Antonia Campi,"Italian, born 1921",Italian,Female,1921,0,,
942,Massimo Campigli,"Italian, 1895–1971",Italian,Male,1895,1971,Q470359,500029770
944,Peter Campus,"American, born 1937",American,Male,1937,0,Q1274234,500106415
945,Vincent Canadé,"American, 1879–1961",American,Male,1879,1961,Q7931708,500044198
946,Antonio Cañavate Gómez,"Spanish, 1902–1987",Spanish,Male,1902,1987,,
947,John Candelario,"American, 1916-1993",American,Male,1916,1993,,
948,Louis Cane,"French, born 1943",French,Male,1943,0,,
949,Giacomo Caneva,"Italian, 1810–1890",Italian,Male,1810,1890,,
950,Johannes Canis,"German, 1895–1977",German,Male,1895,1977,,
952,Rafael Canogar,"Spanish, born 1935",Spanish,Male,1935,0,Q719919,500026099
953,Domenico Cantatore,"Italian, 1906–1998",Italian,Male,1906,1998,,
954,Federico Cantú,"Mexican, 1908–1989",Mexican,Male,1908,1989,Q932167,500118518
955,Cornell Capa,"American, born Hungary. 1918–2008",American,Male,1918,2008,Q504066,500076649
956,Robert Capa,"American, born Hungary. 1913–1954",American,Male,1913,1954,Q152524,500063842
957,Bruno Capacci,"Italian, 1906–1996",Italian,Male,1906,1996,,
958,Josef Capek,"Czech, 1887–1945",Czech,Male,1887,1945,Q454568,500115342
959,Alfred Capel Cure,"British, 1826–1896",British,Male,1826,1896,Q4722421,500036697
960,Giuseppe Capogrossi,"Italian, 1900–1972",Italian,Male,1900,1972,Q320868,500026424
961,Paul Caponigro,"American, born 1932",American,Male,1932,0,Q15516576,500019913
962,Leonetto Cappiello,"French, born Italy. 1875–1942",French,Male,1875,1942,,
963,Luis B. Caputo Demarco,"Argentine, 1899–1994",Argentine,Male,1899,1994,,
964,Aida Carballo,Argentine,Argentine,Female,0,0,,
965,Miguel-Ángel Cárdenas,"Dutch, born Colombia. 1934–2015",Dutch,Male,1934,2015,,
966,Augustin Càrdenas,"Cuban, 1927–2001",Cuban,Male,1927,2001,,
967,Santiago Cárdenas,"Colombian, born 1937",Colombian,Male,1937,0,,
968,Emil Cardinaux,"Swiss, 1877–1936",Swiss,Male,1877,1936,Q3052207,500021057
969,José Bernardo Cardoso Jr.,"Brazilian, 1861–1947",Brazilian,Male,1861,1947,,
970,Étienne Carjat,"French, 1829–1906",French,Male,1829,1906,,
972,Arthur B. Carles,"American, 1882–1952",American,Male,1882,1952,Q4797967,500014441
973,C. Carleton,American,American,,0,0,,
974,Marie Carlier,"French, 1920–1986",French,Female,1920,1986,,
975,Charles W. Carlson,American,American,Male,0,0,,
976,Richard Carlson,"Australian, born 1941",Australian,Male,1941,0,,
977,Jean Carlu,"French, 1900–1997",French,Male,1900,1997,Q573180,500096734
978,Natacha Carlu,Nationality unknown,Nationality unknown,Female,0,0,,
980,Eugenio Carmi,"Italian, born 1920",Italian,Male,1920,0,Q952096,500067714
981,John William Carnell,"American, born 1952",American,Male,1952,0,,
982,Anthony Caro,"British, 1924–2013",British,Male,1924,2013,Q529591,500115345
983,Carol,Cuban,Cuban,,0,0,,
984,Paolo Carosone,Italian,Italian,Male,0,0,,
985,Carpenter,British,British,,0,0,,
986,William L. Carqueville,"American, 1871–1946",American,Male,1871,1946,,
987,Carlo Carrà,"Italian, 1881–1966",Italian,Male,1881,1966,Q168496,500008934
988,Mario Carreño,"Chilean, born Cuba. 1913–1999",Chilean,Male,1913,1999,Q3293392,500005232
989,Clara Carrié,Argentine,Argentine,Female,0,0,,
990,Eugène Carrière,"French, 1849–1906",French,Male,1849,1906,Q461464,500007012
991,Mario Carrieri,"Italian, born 1932",Italian,Male,1932,0,,
993,Leonora Carrington,"British, 1917–2011",British,Female,1917,2011,Q233207,500018196
994,John Carroll,"American, 1892–1959",American,Male,1892,1959,Q20679551,500120551
996,Patricia Jon Carroll,"American, born 1942",American,Female,1942,0,,
998,Clarence H. Carter,"American, 1904–2000",American,Male,1904,2000,Q5126587,500012279
999,Paul Carter,"American, 1903–1938",American,Male,1903,1938,,
1000,Henri Cartier-Bresson,"French, 1908–2004",French,Male,1908,2004,Q156567,500115484
1001,Flavio de R. Carvalho,"Brazilian, 1899–1973",Brazilian,Male,1899,1973,Q5458117,500118105
1003,Carybé (Hector Bernabó),"Brazilian, 1911–1997",Brazilian,Male,1911,1997,Q609641,500331721
1004,John Casado,"American, born 1944",American,Male,1944,0,,
1007,Andrea Cascella,"Italian, 1920–1990",Italian,Female,1920,1990,,
1008,Pietro Cascella,"Italian, born 1921",Italian,Male,1921,0,,
1009,Jacqueline S. Casey,"American, born 1927",American,Female,1927,0,,
1010,Sydney Cash,"American, born 1941",American,Male,1941,0,,
1011,Casio Computer Co. Ltd.,"Japanese, established 1957",Japanese,,1957,0,,
1012,Tranquillo Casiraghi,"Italian, 1923–2005",Italian,Male,1923,2005,,
1013,Felice Casorati,"Italian, 1883–1963",Italian,Male,1883,1963,Q574616,500021131
1014,Karl Caspar,"German, 1879–1956",German,Male,1879,1956,,
1015,A. M. Cassandre,"French, 1901–1968",French,Male,1901,1968,Q278945,500015994
1016,Mary Cassatt,"American, 1844–1926",American,Female,1844,1926,Q173223,500012368
1017,Axel Cassel,"French, 1955–2015",French,Male,1955,2015,,
1019,Herbert Carroll Cassill,"American, born 1928",American,Male,1928,0,,
1021,Rodolfo V Castagna,Argentine,Argentine,Male,0,0,,
1023,Moshe Elazar Castel,"Israeli, 1909–1992",Israeli,Male,1909,1992,Q737913,500028883
1024,Pedro Castelar Báez,Mexican,Mexican,Male,0,0,,
1025,Enrico Castellani,"Italian, born 1930",Italian,Male,1930,0,Q560134,500010925
1026,Julio Castellanos,"Mexican, 1905–1947",Mexican,Male,1905,1947,Q1712344,500059286
1027,Federico Castellon,"American, 1914–1971",American,Male,1914,1971,Q5440979,500009576
1028,Achille Castiglioni,"Italian, 1918–2002",Italian,Male,1918,2002,Q200692,500019205
1029,Pier Giacomo Castiglioni,"Italian, 1913–1968",Italian,Male,1913,1968,,
1030,Fernando Castillo,"Mexican, 1882–1940",Mexican,Male,1882,1940,,
1031,Rosemarie Castoro,"American, 1939–2015",American,Female,1939,2015,,
1033,Vita Castro,Mexican,Mexican,Female,0,0,,
1034,Enrique Castro-Cid,"Chilean, 1937–1992",Chilean,Male,1937,1992,,
1035,P. H. Caswell,American,American,,0,0,,
1036,Umberto Catalano,"Italian, born 1944",Italian,Male,1944,0,,
1037,Elizabeth Catlett,"American and Mexican, 1915–2012",American,Female,1915,2012,Q290331,500011840
1038,Bob Cato,"Nationality unknown, born 1923",Nationality unknown,Male,1923,0,Q4932037,500043249
1039,Patrick Caulfield,"British, 1936–2005",British,Male,1936,2005,Q492111,500015976
1040,Cause,French,French,,0,0,,
1041,Alik Cavaliere,"Italian, born 1926",Italian,Male,1926,0,,
1042,Giorgio Cavallon,"American, born Italy. 1904–1989",American,Male,1904,1989,Q5563463,500006551
1043,Cazals,"French, 1865–1941",French,Male,1865,1941,,
1044,Bruno Ceccobelli,"Italian, born 1952",Italian,Male,1952,0,,
1045,Francis Celentano,"American, born 1928",American,Male,1928,0,,
1046,Stojan Celic,Nationality unknown,Nationality unknown,Male,0,0,,
1047,Perez Celis,Argentine,Argentine,Male,0,0,,
1048,Vija Celmins,"American, born Latvia 1938",American,Female,1938,0,Q465777,500078777
1049,Centrokappa Design and Communication,"Italian, founded 1972",Italian,,1972,0,,
1050,Edmond Ceria,"French, 1884–1955",French,Male,1884,1955,,
1051,Emilio Cerri,"Italian, died 1947",Italian,Male,0,1947,,
1052,César (César Baldaccini),"French, 1921–1998",French,Male,1921,1998,Q445065,500024535
1053,Paul Cézanne,"French, 1839–1906",French,Male,1839,1906,Q35548,500004793
1054,Lynn Chadwick,"British, 1914–2003",British,Male,1914,2003,Q706335,500029409
1055,Marc Chagall,"French, born Belarus. 1887–1985",French,Male,1887,1985,Q93284,500115354
1056,Roger Chailloux,Dutch,Dutch,Male,0,0,,
1057,Gaston Chaissac,"French, 1910–1964",French,Male,1910,1964,Q1495558,500000883
1058,Paul Chaleff,"American, born 1947",American,Male,1947,0,,
1059,Samuel Chamberlain,"American, 1895–1975",American,Male,1895,1975,,
1060,John Chamberlain,"American, 1927–2011",American,Male,1927,2011,Q468760,500118724
1062,Chambers,American,American,,0,0,,
1063,Martín Chambi,"Peruvian, 1891–1973",Peruvian,Male,1891,1973,Q288159,500037196
1064,Roger Chancel,"French, 1898–1976",French,Male,1898,1976,,
1065,Bruce Chandler,"American, born 1945",American,Male,1945,0,,
1068,Linda Chapman,"American, born 1952",American,Female,1952,0,,
1069,André Chapon,French,French,Male,0,0,,
1070,Walter Chappell,"American, born 1925",American,Male,1925,0,Q7964537,500332173
1071,Serge Charchoune,"Russian, 1888–1975",Russian,Male,1888,1975,,
1072,Chargesheimer (Karl-Heinz Hargesheimer),"German, 1924–1972",German,Male,1924,1972,Q96752,500115135
1073,Sarah Charlesworth,"American, 1947–2013",American,Female,1947,2013,Q13560755,500056759
1074,Jean Charlot,"American, born France. 1898–1979",American,Male,1898,1979,Q432546,500027773
1078,Louisa Chase,"American, 1951–2016",American,Female,1951,2016,,
1080,Theodore Chassériau,"French, 1819–1856",French,Male,1819,1856,Q342467,500115358
1081,Roger Chastel,"French, 1897–1981",French,Male,1897,1981,,
1083,Edward Chavez,"American, 1917–1995",American,Male,1917,1995,,
1084,José Chávez Morado,"Mexican, 1909–2002",Mexican,Male,1909,2002,Q1709105,500078548
1085,Santos Chávez,"Chilean, 1934–2001",Chilean,Male,1934,2001,,
1086,Bernard Cheese,British,British,Male,0,0,,
1088,Cheng Sha Ping,Chinese,Chinese,,0,0,,
1089,Jules Chéret,"French, 1836–1932",French,Male,1836,1932,Q610202,500030480
1091,Ivan Chermayeff,"American, born England 1932–2017",American,Male,1932,2017,,500093646
1092,Norman Cherner,"American, born 1920",American,Male,1920,0,,
1093,Iakov Chernikhov,"Russian, 1889–1951",Russian,Male,1889,1951,Q1399741,500016531
1095,Michael Chernyshov,"Russian, born 1945",Russian,Male,1945,0,,
1096,Lee Chesney,"American, born 1920",American,Male,1920,0,,
1097,Sandro Chia,"Italian, born 1946",Italian,Male,1946,0,Q763368,500031353
1098,Miriam Chiaverini,Brazilian,Brazilian,Female,0,0,,
1099,Judy Chicago,"American, born 1937",American,Female,1937,0,Q441440,500045890
1100,John Chick,American,American,Male,0,0,,
1101,Pietro Chiesa,"Italian, 1892–1948",Italian,Male,1892,1948,,
1102,Chikuchi Toshio,,,,0,0,,
1103,Bernard Childs,"American, 1910–1985",American,Male,1910,1985,,
1104,Eduardo Chillida,"Spanish, 1924–2002",Spanish,Male,1924,2002,Q156736,500013253
1105,Thomas Chimes,"American, 1921–2009",American,Male,1921,2009,Q15434488,
1106,Giorgio de Chirico,"Italian, born Greece. 1888–1978",Italian,Male,1888,1978,Q156622,500032635
1107,Marcel Chirnoaga,"Romanian, 1930–2008",Romanian,Male,1930,2008,,
1108,Anna Chojnacka,"Polish, born 1914",Polish,Female,1914,0,,
1109,Seiji Chokai,"Japanese, 1902–1972",Japanese,Male,1902,1972,Q11675040,500123060
1110,Chunghi Choo,"American, born Korea 1938",American,Female,1938,0,,
1111,Gilles-Louis Chrétien,French,French,Male,0,0,,
1112,William Christenberry,"American, 1936–2016",American,Male,1936,2016,Q8006794,500074045
1113,Dan Christensen,"American, 1942–2007",American,Male,1942,2007,Q5213254,500005408
1114,Christo,"American, born Bulgaria. 1935-2020",American,Male,1935,2020,Q14633979,500115266
1116,Howard Chandler Christy,"American, 1872–1952",American,Male,1872,1952,,
1117,Halina Chrostowska,"Polish, 1929–1990",Polish,Female,1929,1990,,
1118,Chryssa (Chryssa Vardea-Mavromichali),"American, born Greece. 1933–2013",American,Female,1933,2013,Q536197,500022002
1119,Caldecot Chubb,American,American,Male,0,0,,
1120,John W. Church,"American, born 1934",American,Male,1934,0,,
1122,Seymour Chwast,"American, born 1931",American,Male,1931,0,Q2275902,500112217
1123,Michael Ciavolino,"American, 1924–2019",American,Male,1924,2019,,
1124,Carmen L. Cicero,"American, born 1926",American,Male,1926,0,,
1125,Roman Cieslewicz,"French, born Poland. 1930–1996",French,Male,1930,1996,Q476100,500020802
